区域,标题链接
黄山,https://www.2bulu.com/track/t-FyiT9nkx9Anp%252FR2KBg5Tzw%253D%253D.htm
黄山,https://www.2bulu.com/track/t-bUSE9GbPoC3p%25252FR2KBg5Tzw%25253D%25253D.htm
黄山,https://www.2bulu.com/track/t-n5KY%25252BN1QcXbp%25252FR2KBg5Tzw%25253D%25253D.htm
黄山,https://www.2bulu.com/track/t-WY2r%252BFk%252FalLp%252FR2KBg5Tzw%253D%253D.htm
黄山,https://www.2bulu.com/track/t-7H8qRWn9nxzp%25252FR2KBg5Tzw%25253D%25253D.htm
四姑娘山,https://www.2bulu.com/track/t-UBHhIzFNEq%25252Fp%25252FR2KBg5Tzw%253D%253D.htm
四姑娘山,https://www.2bulu.com/track/t-CKTrDmXkhIXp%252FR2KBg5Tzw%253D%253D.htm
四姑娘山,https://2bulu.com/track/t-FXPS%252FRcH6e%252Fp%252FR2KBg5Tzw%253D%253D.htm
四姑娘山,https://2bulu.com/track/t-TTRl8AmIKYDp%25252FR2KBg5Tzw%25253D%25253D.htm
四姑娘山,https://www.2bulu.com/track/t-GC5dWWkmotzp%25252FR2KBg5Tzw%25253D%25253D.htm
四姑娘山,https://2bulu.com/track/t-sZJkFjCH3Vvp%25252FR2KBg5Tzw%25253D%25253D.htm
稻城亚丁,https://www.2bulu.com/track/t-F5pljw2Pwhnp%252FR2KBg5Tzw%253D%253D.htm
稻城亚丁,https://www.2bulu.com/track/t-cYAFZGVZhIo%3D.htm
虎跳峡,https://www.2bulu.com/track/t-PsAlVS2UVM3p%252FR2KBg5Tzw%253D%253D.htm
虎跳峡,https://app.2bulu.com/track/t-UVqtuhjjwBnp%252FR2KBg5Tzw%253D%253D.htm
虎跳峡,https://www.2bulu.com/track/t-Ba%25252BcnrSNM1zp%25252FR2KBg5Tzw%25253D%25253D.htm
虎跳峡,https://www.2bulu.com/track/t-BJFhJdJVkOY%25253D.htm
虎跳峡,https://2bulu.com/track/t-vyscSiyOx8Lp%25252FR2KBg5Tzw%25253D%25253D.htm
雨崩,https://2bulu.com/track/t-fxfYTtiYXsPp%25252FR2KBg5Tzw%25253D%25253D.htm
雨崩,https://www.2bulu.com/track/t-WPDLgnaYkX7p%25252FR2KBg5Tzw%25253D%25253D.htm
雨崩,https://www.2bulu.com/track/t-l3%25252FJlrBZGh7p%25252FR2KBg5Tzw%25253D%25253D.htm
雨崩,https://www.2bulu.com/track/t-GpQW5lDZSczp%25252FR2KBg5Tzw%25253D%25253D.htm
雨崩,https://www.2bulu.com/track/t-8DL5Fui0Kkrp%25252FR2KBg5Tzw%25253D%25253D.htm
张家界,https://2bulu.com/track/t-BowS1LbaxJbp%25252FR2KBg5Tzw%25253D%25253D.htm
张家界,https://www.2bulu.com/track/t-HCgocK%25252B877np%25252FR2KBg5Tzw%25253D%25253D.htm
张家界,https://www.2bulu.com/track/t-6DAEvlDeaubp%25252FR2KBg5Tzw%25253D%25253D.htm
张家界,https://www.2bulu.com/track/t-Q32u4QhG2ubp%252FR2KBg5Tzw%253D%253D.htm
张家界,https://www.2bulu.com/track/t-CG11IscR5trp%25252FR2KBg5Tzw%25253D%25253D.htm
武夷山,https://www.2bulu.com/track/t-sjO6BseVNN3p%25252FR2KBg5Tzw%25253D%25253D.htm
武夷山,https://www.2bulu.com/track/t-KMR0SljTT2bp%25252FR2KBg5Tzw%25253D%25253D.htm
武夷山,https://2bulu.com/track/t-nT2121riFSfp%252FR2KBg5Tzw%253D%253D.htm
武夷山,https://www.2bulu.com/track/t-nutTeEEOWOvp%25252FR2KBg5Tzw%25253D%25253D.htm
峨眉山,https://app.2bulu.com/track/t-NFa5rN4ESIjp%252FR2KBg5Tzw%253D%253D.htm
峨眉山,https://2bulu.com/track/t-gnjdlrQZkw3p%25252FR2KBg5Tzw%25253D%25253D.htm
峨眉山,https://www.2bulu.com/track/t-DBFkOlx9h1Tp%252FR2KBg5Tzw%253D%253D.htm
峨眉山,https://www.2bulu.com/share/share_track.htm?trackId=F9XYRs%252BJKuTp%252FR2KBg5Tzw%253D%253D
峨眉山,https://www.2bulu.com/share/share_track.htm?trackId=L28mYlqQx2Dp%2FR2KBg5Tzw%3D%3D
泰山,https://www.2bulu.com/track/t-x9XCWedl8orp%252FR2KBg5Tzw%253D%253D.htm
庐山,https://2bulu.com/track/t-4ej29GpCipTp%252FR2KBg5Tzw%253D%253D.htm
华山,https://www.2bulu.com/track/t-2FyiT9nkx9Anp%252FR2KBg5Tzw%253D%253D.htm
太行山,https://www.2bulu.com/track/t-KRlJuU6XOjo%25253D.htm
